ticker,name,sector,規模区分
1332.T,ニッスイ,水産・農林業,TOPIX Mid400
1333.T,マルハニチロ,水産・農林業,TOPIX Mid400
1414.T,ショーボンドホールディングス,建設業,TOPIX Mid400
1417.T,ミライト・ワン,建設業,TOPIX Mid400
1605.T,ＩＮＰＥＸ,鉱業,TOPIX Mid400
1719.T,安藤・間,建設業,TOPIX Mid400
1721.T,コムシスホールディングス,建設業,TOPIX Mid400
1801.T,大成建設,建設業,TOPIX Mid400
1802.T,大林組,建設業,TOPIX Mid400
1803.T,清水建設,建設業,TOPIX Mid400
1808.T,長谷工コーポレーション,建設業,TOPIX Mid400
1812.T,鹿島建設,建設業,TOPIX Mid400
1820.T,西松建設,建設業,TOPIX Mid400
1860.T,戸田建設,建設業,TOPIX Mid400
1878.T,大東建託,不動産業,TOPIX Mid400
1893.T,五洋建設,建設業,TOPIX Mid400
1911.T,住友林業,建設業,TOPIX Mid400
1925.T,大和ハウス工業,建設業,TOPIX Large70
1928.T,積水ハウス,建設業,TOPIX Large70
1942.T,関電工,建設業,TOPIX Mid400
1944.T,きんでん,建設業,TOPIX Mid400
1951.T,エクシオグループ,建設業,TOPIX Mid400
1959.T,クラフティア,建設業,TOPIX Mid400
1963.T,日揮ホールディングス,建設業,TOPIX Mid400
1969.T,高砂熱学工業,建設業,TOPIX Mid400
2002.T,日清製粉グループ本社,食料品,TOPIX Mid400
2127.T,日本Ｍ＆Ａセンターホールディングス,サービス業,TOPIX Mid400
2181.T,パーソルホールディングス,サービス業,TOPIX Mid400
2201.T,森永製菓,食料品,TOPIX Mid400
2206.T,江崎グリコ,食料品,TOPIX Mid400
2212.T,山崎製パン,食料品,TOPIX Mid400
2222.T,寿スピリッツ,食料品,TOPIX Mid400
2229.T,カルビー,食料品,TOPIX Mid400
2264.T,森永乳業,食料品,TOPIX Mid400
2267.T,ヤクルト本社,食料品,TOPIX Mid400
2269.T,明治ホールディングス,食料品,TOPIX Mid400
2282.T,日本ハム,食料品,TOPIX Mid400
2327.T,日鉄ソリューションズ,情報・通信業,TOPIX Mid400
2331.T,ＡＬＳＯＫ,サービス業,TOPIX Mid400
2371.T,カカクコム,サービス業,TOPIX Mid400
2413.T,エムスリー,サービス業,TOPIX Mid400
2432.T,ディー・エヌ・エー,情報・通信業,TOPIX Mid400
2433.T,博報堂ＤＹホールディングス,サービス業,TOPIX Mid400
2501.T,サッポロホールディングス,食料品,TOPIX Mid400
2502.T,アサヒグループホールディングス,食料品,TOPIX Large70
2503.T,キリンホールディングス,食料品,TOPIX Large70
2531.T,宝ホールディングス,食料品,TOPIX Mid400
2579.T,コカ・コーラ　ボトラーズジャパンホールディングス,食料品,TOPIX Mid400
2587.T,サントリー食品インターナショナル,食料品,TOPIX Mid400
2593.T,伊藤園,食料品,TOPIX Mid400
2607.T,不二製油,食料品,TOPIX Mid400
2670.T,エービーシー・マート,小売業,TOPIX Mid400
2768.T,双日,卸売業,TOPIX Mid400
2784.T,アルフレッサ　ホールディングス,卸売業,TOPIX Mid400
2801.T,キッコーマン,食料品,TOPIX Mid400
2802.T,味の素,食料品,TOPIX Large70
2809.T,キユーピー,食料品,TOPIX Mid400
2810.T,ハウス食品グループ本社,食料品,TOPIX Mid400
2811.T,カゴメ,食料品,TOPIX Mid400
2871.T,ニチレイ,食料品,TOPIX Mid400
2875.T,東洋水産,食料品,TOPIX Mid400
2897.T,日清食品ホールディングス,食料品,TOPIX Mid400
2914.T,日本たばこ産業,食料品,TOPIX Core30
3003.T,ヒューリック,不動産業,TOPIX Mid400
3038.T,神戸物産,卸売業,TOPIX Mid400
3048.T,ビックカメラ,小売業,TOPIX Mid400
3064.T,ＭｏｎｏｔａＲＯ,小売業,TOPIX Mid400
3086.T,Ｊ．フロント　リテイリング,小売業,TOPIX Mid400
3088.T,マツキヨココカラ＆カンパニー,小売業,TOPIX Mid400
3092.T,ＺＯＺＯ,小売業,TOPIX Mid400
3099.T,三越伊勢丹ホールディングス,小売業,TOPIX Mid400
3105.T,日清紡ホールディングス,電気機器,TOPIX Mid400
3107.T,ダイワボウホールディングス,卸売業,TOPIX Mid400
3116.T,トヨタ紡織,輸送用機器,TOPIX Mid400
3132.T,マクニカホールディングス,卸売業,TOPIX Mid400
3197.T,すかいらーくホールディングス,小売業,TOPIX Mid400
3231.T,野村不動産ホールディングス,不動産業,TOPIX Mid400
3288.T,オープンハウスグループ,不動産業,TOPIX Mid400
3289.T,東急不動産ホールディングス,不動産業,TOPIX Mid400
3291.T,飯田グループホールディングス,不動産業,TOPIX Mid400
3349.T,コスモス薬品,小売業,TOPIX Mid400
3360.T,シップヘルスケアホールディングス,卸売業,TOPIX Mid400
3382.T,セブン＆アイ・ホールディングス,小売業,TOPIX Core30
3391.T,ツルハホールディングス,小売業,TOPIX Mid400
3397.T,トリドールホールディングス,小売業,TOPIX Mid400
3401.T,帝人,繊維製品,TOPIX Mid400
3402.T,東レ,繊維製品,TOPIX Mid400
3405.T,クラレ,化学,TOPIX Mid400
3407.T,旭化成,化学,TOPIX Large70
3436.T,ＳＵＭＣＯ,金属製品,TOPIX Mid400
3549.T,クスリのアオキホールディングス,小売業,TOPIX Mid400
3563.T,ＦＯＯＤ　＆　ＬＩＦＥ　ＣＯＭＰＡＮＩＥＳ,小売業,TOPIX Mid400
3591.T,ワコールホールディングス,繊維製品,TOPIX Mid400
3626.T,ＴＩＳ,情報・通信業,TOPIX Mid400
3635.T,コーエーテクモホールディングス,情報・通信業,TOPIX Mid400
3659.T,ネクソン,情報・通信業,TOPIX Mid400
3697.T,ＳＨＩＦＴ,情報・通信業,TOPIX Mid400
3769.T,ＧＭＯペイメントゲートウェイ,情報・通信業,TOPIX Mid400
3774.T,インターネットイニシアティブ,情報・通信業,TOPIX Mid400
3861.T,王子ホールディングス,パルプ・紙,TOPIX Mid400
3923.T,ラクス,情報・通信業,TOPIX Mid400
3941.T,レンゴー,パルプ・紙,TOPIX Mid400
3994.T,マネーフォワード,情報・通信業,TOPIX Mid400
4004.T,レゾナック・ホールディングス,化学,TOPIX Mid400
4005.T,住友化学,化学,TOPIX Mid400
4021.T,日産化学,化学,TOPIX Mid400
4042.T,東ソー,化学,TOPIX Mid400
4043.T,トクヤマ,化学,TOPIX Mid400
4045.T,東亞合成,化学,TOPIX Mid400
4061.T,デンカ,化学,TOPIX Mid400
4062.T,イビデン,電気機器,TOPIX Mid400
4063.T,信越化学工業,化学,TOPIX Core30
4088.T,エア・ウォーター,化学,TOPIX Mid400
4091.T,日本酸素ホールディングス,化学,TOPIX Mid400
4114.T,日本触媒,化学,TOPIX Mid400
4118.T,カネカ,化学,TOPIX Mid400
4151.T,協和キリン,医薬品,TOPIX Mid400
4182.T,三菱瓦斯化学,化学,TOPIX Mid400
4183.T,三井化学,化学,TOPIX Mid400
4186.T,東京応化工業,化学,TOPIX Mid400
4188.T,三菱ケミカルグループ,化学,TOPIX Large70
4194.T,ビジョナル,情報・通信業,TOPIX Mid400
4202.T,ダイセル,化学,TOPIX Mid400
4203.T,住友ベークライト,化学,TOPIX Mid400
4204.T,積水化学工業,化学,TOPIX Mid400
4205.T,日本ゼオン,化学,TOPIX Mid400
4206.T,アイカ工業,化学,TOPIX Mid400
4208.T,ＵＢＥ,化学,TOPIX Mid400
4272.T,日本化薬,化学,TOPIX Mid400
4307.T,野村総合研究所,情報・通信業,TOPIX Large70
4324.T,電通グループ,サービス業,TOPIX Mid400
4385.T,メルカリ,情報・通信業,TOPIX Mid400
4401.T,ＡＤＥＫＡ,化学,TOPIX Mid400
4403.T,日油,化学,TOPIX Mid400
4452.T,花王,化学,TOPIX Large70
4502.T,武田薬品工業,医薬品,TOPIX Core30
4503.T,アステラス製薬,医薬品,TOPIX Large70
4506.T,住友ファーマ,医薬品,TOPIX Mid400
4507.T,塩野義製薬,医薬品,TOPIX Large70
4516.T,日本新薬,医薬品,TOPIX Mid400
4519.T,中外製薬,医薬品,TOPIX Large70
4523.T,エーザイ,医薬品,TOPIX Mid400
4527.T,ロート製薬,医薬品,TOPIX Mid400
4528.T,小野薬品工業,医薬品,TOPIX Mid400
4530.T,久光製薬,医薬品,TOPIX Mid400
4536.T,参天製薬,医薬品,TOPIX Mid400
4540.T,ツムラ,医薬品,TOPIX Mid400
4543.T,テルモ,精密機器,TOPIX Large70
4544.T,Ｈ．Ｕ．グループホールディングス,サービス業,TOPIX Mid400
4568.T,第一三共,医薬品,TOPIX Core30
4578.T,大塚ホールディングス,医薬品,TOPIX Large70
4587.T,ペプチドリーム,医薬品,TOPIX Mid400
4612.T,日本ペイントホールディングス,化学,TOPIX Mid400
4613.T,関西ペイント,化学,TOPIX Mid400
4626.T,太陽ホールディングス,化学,TOPIX Mid400
4631.T,ＤＩＣ,化学,TOPIX Mid400
4661.T,オリエンタルランド,サービス業,TOPIX Large70
4665.T,ダスキン,サービス業,TOPIX Mid400
4666.T,パーク２４,不動産業,TOPIX Mid400
4676.T,フジ・メディア・ホールディングス,情報・通信業,TOPIX Mid400
4680.T,ラウンドワン,サービス業,TOPIX Mid400
4681.T,リゾートトラスト,サービス業,TOPIX Mid400
4684.T,オービック,情報・通信業,TOPIX Mid400
4689.T,ＬＩＮＥヤフー,情報・通信業,TOPIX Large70
4704.T,トレンドマイクロ,情報・通信業,TOPIX Mid400
4716.T,日本オラクル,情報・通信業,TOPIX Mid400
4732.T,ユー・エス・エス,サービス業,TOPIX Mid400
4733.T,オービックビジネスコンサルタント,情報・通信業,TOPIX Mid400
4751.T,サイバーエージェント,サービス業,TOPIX Mid400
4755.T,楽天グループ,サービス業,TOPIX Mid400
4768.T,大塚商会,情報・通信業,TOPIX Mid400
4887.T,サワイグループホールディングス,医薬品,TOPIX Mid400
4901.T,富士フイルムホールディングス,化学,TOPIX Large70
4902.T,コニカミノルタ,電気機器,TOPIX Mid400
4911.T,資生堂,化学,TOPIX Mid400
4912.T,ライオン,化学,TOPIX Mid400
4922.T,コーセーホールディングス,化学,TOPIX Mid400
4927.T,ポーラ・オルビスホールディングス,化学,TOPIX Mid400
4967.T,小林製薬,化学,TOPIX Mid400
4980.T,デクセリアルズ,化学,TOPIX Mid400
5016.T,ＪＸ金属,非鉄金属,TOPIX Mid400
5019.T,出光興産,石油・石炭製品,TOPIX Mid400
5020.T,ＥＮＥＯＳホールディングス,石油・石炭製品,TOPIX Large70
5021.T,コスモエネルギーホールディングス,石油・石炭製品,TOPIX Mid400
5076.T,インフロニア・ホールディングス,建設業,TOPIX Mid400
5101.T,横浜ゴム,ゴム製品,TOPIX Mid400
5105.T,ＴＯＹＯ　ＴＩＲＥ,ゴム製品,TOPIX Mid400
5108.T,ブリヂストン,ゴム製品,TOPIX Large70
5110.T,住友ゴム工業,ゴム製品,TOPIX Mid400
5201.T,ＡＧＣ,ガラス・土石製品,TOPIX Mid400
5214.T,日本電気硝子,ガラス・土石製品,TOPIX Mid400
5232.T,住友大阪セメント,ガラス・土石製品,TOPIX Mid400
5233.T,太平洋セメント,ガラス・土石製品,TOPIX Mid400
5301.T,東海カーボン,ガラス・土石製品,TOPIX Mid400
5332.T,ＴＯＴＯ,ガラス・土石製品,TOPIX Mid400
5333.T,日本碍子,ガラス・土石製品,TOPIX Mid400
5334.T,日本特殊陶業,ガラス・土石製品,TOPIX Mid400
5344.T,ＭＡＲＵＷＡ,ガラス・土石製品,TOPIX Mid400
5393.T,ニチアス,ガラス・土石製品,TOPIX Mid400
5401.T,日本製鉄,鉄鋼,TOPIX Large70
5406.T,神戸製鋼所,鉄鋼,TOPIX Mid400
5411.T,ＪＦＥホールディングス,鉄鋼,TOPIX Mid400
5444.T,大和工業,鉄鋼,TOPIX Mid400
5463.T,丸一鋼管,鉄鋼,TOPIX Mid400
5471.T,大同特殊鋼,鉄鋼,TOPIX Mid400
5631.T,日本製鋼所,機械,TOPIX Mid400
5706.T,三井金属,非鉄金属,TOPIX Mid400
5711.T,三菱マテリアル,非鉄金属,TOPIX Mid400
5713.T,住友金属鉱山,非鉄金属,TOPIX Mid400
5714.T,ＤＯＷＡホールディングス,非鉄金属,TOPIX Mid400
5801.T,古河電気工業,非鉄金属,TOPIX Mid400
5802.T,住友電気工業,非鉄金属,TOPIX Large70
5803.T,フジクラ,非鉄金属,TOPIX Large70
5830.T,いよぎんホールディングス,銀行業,TOPIX Mid400
5831.T,しずおかフィナンシャルグループ,銀行業,TOPIX Mid400
5832.T,ちゅうぎんフィナンシャルグループ,銀行業,TOPIX Mid400
5838.T,楽天銀行,銀行業,TOPIX Mid400
5844.T,京都フィナンシャルグループ,銀行業,TOPIX Mid400
5901.T,東洋製罐グループホールディングス,金属製品,TOPIX Mid400
5929.T,三和ホールディングス,金属製品,TOPIX Mid400
5938.T,ＬＩＸＩＬ,金属製品,TOPIX Mid400
5947.T,リンナイ,金属製品,TOPIX Mid400
5991.T,日本発條,金属製品,TOPIX Mid400
6005.T,三浦工業,機械,TOPIX Mid400
6098.T,リクルートホールディングス,サービス業,TOPIX Core30
6113.T,アマダ,機械,TOPIX Mid400
6134.T,ＦＵＪＩ,機械,TOPIX Mid400
6136.T,オーエスジー,機械,TOPIX Mid400
6141.T,ＤＭＧ森精機,機械,TOPIX Mid400
6146.T,ディスコ,機械,TOPIX Large70
6178.T,日本郵政,サービス業,TOPIX Large70
6201.T,豊田自動織機,輸送用機器,TOPIX Large70
6268.T,ナブテスコ,機械,TOPIX Mid400
6269.T,三井海洋開発,機械,TOPIX Mid400
6273.T,ＳＭＣ,機械,TOPIX Large70
6301.T,小松製作所,機械,TOPIX Large70
6302.T,住友重機械工業,機械,TOPIX Mid400
6305.T,日立建機,機械,TOPIX Mid400
6323.T,ローツェ,機械,TOPIX Mid400
6326.T,クボタ,機械,TOPIX Large70
6361.T,荏原製作所,機械,TOPIX Mid400
6367.T,ダイキン工業,機械,TOPIX Core30
6368.T,オルガノ,機械,TOPIX Mid400
6370.T,栗田工業,機械,TOPIX Mid400
6383.T,ダイフク,機械,TOPIX Mid400
6417.T,ＳＡＮＫＹＯ,機械,TOPIX Mid400
6436.T,アマノ,機械,TOPIX Mid400
6448.T,ブラザー工業,電気機器,TOPIX Mid400
6457.T,グローリー,機械,TOPIX Mid400
6460.T,セガサミーホールディングス,機械,TOPIX Mid400
6465.T,ホシザキ,機械,TOPIX Mid400
6471.T,日本精工,機械,TOPIX Mid400
6472.T,ＮＴＮ,機械,TOPIX Mid400
6473.T,ジェイテクト,機械,TOPIX Mid400
6479.T,ミネベアミツミ,電気機器,TOPIX Mid400
6481.T,ＴＨＫ,機械,TOPIX Mid400
6501.T,日立製作所,電気機器,TOPIX Core30
6503.T,三菱電機,電気機器,TOPIX Core30
6504.T,富士電機,電気機器,TOPIX Mid400
6506.T,安川電機,電気機器,TOPIX Mid400
6525.T,ＫＯＫＵＳＡＩ　ＥＬＥＣＴＲＩＣ,電気機器,TOPIX Mid400
6526.T,ソシオネクスト,電気機器,TOPIX Mid400
6532.T,ベイカレント,サービス業,TOPIX Mid400
6544.T,ジャパンエレベーターサービスホールディングス,サービス業,TOPIX Mid400
6586.T,マキタ,機械,TOPIX Mid400
6592.T,マブチモーター,電気機器,TOPIX Mid400
6632.T,ＪＶＣケンウッド,電気機器,TOPIX Mid400
6645.T,オムロン,電気機器,TOPIX Mid400
6674.T,ジーエス・ユアサ　コーポレーション,電気機器,TOPIX Mid400
6701.T,日本電気,電気機器,TOPIX Large70
6702.T,富士通,電気機器,TOPIX Large70
6707.T,サンケン電気,電気機器,TOPIX Mid400
6723.T,ルネサスエレクトロニクス,電気機器,TOPIX Large70
6724.T,セイコーエプソン,電気機器,TOPIX Mid400
6728.T,アルバック,電気機器,TOPIX Mid400
6752.T,パナソニック　ホールディングス,電気機器,TOPIX Large70
6753.T,シャープ,電気機器,TOPIX Mid400
6754.T,アンリツ,電気機器,TOPIX Mid400
6758.T,ソニーグループ,電気機器,TOPIX Core30
6762.T,ＴＤＫ,電気機器,TOPIX Large70
6770.T,アルプスアルパイン,電気機器,TOPIX Mid400
6806.T,ヒロセ電機,電気機器,TOPIX Mid400
6841.T,横河電機,電気機器,TOPIX Mid400
6845.T,アズビル,電気機器,TOPIX Mid400
6849.T,日本光電工業,電気機器,TOPIX Mid400
6856.T,堀場製作所,電気機器,TOPIX Mid400
6857.T,アドバンテスト,電気機器,TOPIX Core30
6861.T,キーエンス,電気機器,TOPIX Core30
6869.T,シスメックス,電気機器,TOPIX Mid400
6902.T,デンソー,輸送用機器,TOPIX Large70
6920.T,レーザーテック,電気機器,TOPIX Large70
6923.T,スタンレー電気,電気機器,TOPIX Mid400
6925.T,ウシオ電機,電気機器,TOPIX Mid400
6951.T,日本電子,電気機器,TOPIX Mid400
6952.T,カシオ計算機,電気機器,TOPIX Mid400
6954.T,ファナック,電気機器,TOPIX Large70
6963.T,ローム,電気機器,TOPIX Mid400
6965.T,浜松ホトニクス,電気機器,TOPIX Mid400
6971.T,京セラ,電気機器,TOPIX Large70
6976.T,太陽誘電,電気機器,TOPIX Mid400
6981.T,村田製作所,電気機器,TOPIX Large70
6988.T,日東電工,化学,TOPIX Mid400
7003.T,三井Ｅ＆Ｓ,機械,TOPIX Mid400
7011.T,三菱重工業,機械,TOPIX Core30
7012.T,川崎重工業,輸送用機器,TOPIX Mid400
7013.T,ＩＨＩ,機械,TOPIX Mid400
7164.T,全国保証,その他金融業,TOPIX Mid400
7167.T,めぶきフィナンシャルグループ,銀行業,TOPIX Mid400
7180.T,九州フィナンシャルグループ,銀行業,TOPIX Mid400
7181.T,かんぽ生命保険,保険業,TOPIX Mid400
7182.T,ゆうちょ銀行,銀行業,TOPIX Large70
7186.T,横浜フィナンシャルグループ,銀行業,TOPIX Mid400
7189.T,西日本フィナンシャルホールディングス,銀行業,TOPIX Mid400
7201.T,日産自動車,輸送用機器,TOPIX Mid400
7202.T,いすゞ自動車,輸送用機器,TOPIX Mid400
7203.T,トヨタ自動車,輸送用機器,TOPIX Core30
7211.T,三菱自動車工業,輸送用機器,TOPIX Mid400
7240.T,ＮＯＫ,輸送用機器,TOPIX Mid400
7259.T,アイシン,輸送用機器,TOPIX Mid400
7261.T,マツダ,輸送用機器,TOPIX Mid400
7267.T,本田技研工業,輸送用機器,TOPIX Core30
7269.T,スズキ,輸送用機器,TOPIX Large70
7270.T,ＳＵＢＡＲＵ,輸送用機器,TOPIX Large70
7272.T,ヤマハ発動機,輸送用機器,TOPIX Mid400
7276.T,小糸製作所,電気機器,TOPIX Mid400
7282.T,豊田合成,輸送用機器,TOPIX Mid400
7309.T,シマノ,輸送用機器,TOPIX Large70
7313.T,テイ・エス　テック,輸送用機器,TOPIX Mid400
7337.T,ひろぎんホールディングス,銀行業,TOPIX Mid400
7453.T,良品計画,小売業,TOPIX Mid400
7458.T,第一興商,卸売業,TOPIX Mid400
7459.T,メディパルホールディングス,卸売業,TOPIX Mid400
7476.T,アズワン,卸売業,TOPIX Mid400
7532.T,パン・パシフィック・インターナショナルホールディングス,小売業,TOPIX Mid400
7550.T,ゼンショーホールディングス,小売業,TOPIX Mid400
7616.T,コロワイド,小売業,TOPIX Mid400
7649.T,スギホールディングス,小売業,TOPIX Mid400
7701.T,島津製作所,精密機器,TOPIX Mid400
7729.T,東京精密,精密機器,TOPIX Mid400
7731.T,ニコン,精密機器,TOPIX Mid400
7733.T,オリンパス,精密機器,TOPIX Large70
7735.T,ＳＣＲＥＥＮホールディングス,電気機器,TOPIX Mid400
7741.T,ＨＯＹＡ,精密機器,TOPIX Core30
7747.T,朝日インテック,精密機器,TOPIX Mid400
7751.T,キヤノン,電気機器,TOPIX Large70
7752.T,リコー,電気機器,TOPIX Mid400
7832.T,バンダイナムコホールディングス,その他製品,TOPIX Large70
7846.T,パイロットコーポレーション,その他製品,TOPIX Mid400
7867.T,タカラトミー,その他製品,TOPIX Mid400
7911.T,ＴＯＰＰＡＮホールディングス,その他製品,TOPIX Mid400
7912.T,大日本印刷,その他製品,TOPIX Mid400
7936.T,アシックス,その他製品,TOPIX Large70
7951.T,ヤマハ,その他製品,TOPIX Mid400
7956.T,ピジョン,その他製品,TOPIX Mid400
7974.T,任天堂,その他製品,TOPIX Core30
7984.T,コクヨ,その他製品,TOPIX Mid400
7988.T,ニフコ,化学,TOPIX Mid400
8001.T,伊藤忠商事,卸売業,TOPIX Core30
8002.T,丸紅,卸売業,TOPIX Large70
8012.T,長瀬産業,卸売業,TOPIX Mid400
8015.T,豊田通商,卸売業,TOPIX Large70
8020.T,兼松,卸売業,TOPIX Mid400
8031.T,三井物産,卸売業,TOPIX Core30
8035.T,東京エレクトロン,電気機器,TOPIX Core30
8053.T,住友商事,卸売業,TOPIX Large70
8056.T,ＢＩＰＲＯＧＹ,情報・通信業,TOPIX Mid400
8058.T,三菱商事,卸売業,TOPIX Core30
8060.T,キヤノンマーケティングジャパン,卸売業,TOPIX Mid400
8086.T,ニプロ,精密機器,TOPIX Mid400
8088.T,岩谷産業,卸売業,TOPIX Mid400
8111.T,ゴールドウイン,繊維製品,TOPIX Mid400
8113.T,ユニ・チャーム,化学,TOPIX Large70
8129.T,東邦ホールディングス,卸売業,TOPIX Mid400
8136.T,サンリオ,卸売業,TOPIX Mid400
8174.T,日本瓦斯,小売業,TOPIX Mid400
8227.T,しまむら,小売業,TOPIX Mid400
8233.T,高島屋,小売業,TOPIX Mid400
8242.T,エイチ・ツー・オー　リテイリング,小売業,TOPIX Mid400
8252.T,丸井グループ,小売業,TOPIX Mid400
8253.T,クレディセゾン,その他金融業,TOPIX Mid400
8267.T,イオン,小売業,TOPIX Large70
8282.T,ケーズホールディングス,小売業,TOPIX Mid400
8283.T,ＰＡＬＴＡＣ,卸売業,TOPIX Mid400
8303.T,ＳＢＩ新生銀行,銀行業,TOPIX Mid400
8304.T,あおぞら銀行,銀行業,TOPIX Mid400
8306.T,三菱ＵＦＪフィナンシャル・グループ,銀行業,TOPIX Core30
8308.T,りそなホールディングス,銀行業,TOPIX Large70
8309.T,三井住友トラストグループ,銀行業,TOPIX Large70
8316.T,三井住友フィナンシャルグループ,銀行業,TOPIX Core30
8331.T,千葉銀行,銀行業,TOPIX Mid400
8334.T,群馬銀行,銀行業,TOPIX Mid400
8341.T,七十七銀行,銀行業,TOPIX Mid400
8354.T,ふくおかフィナンシャルグループ,銀行業,TOPIX Mid400
8359.T,八十二長野銀行,銀行業,TOPIX Mid400
8377.T,ほくほくフィナンシャルグループ,銀行業,TOPIX Mid400
8410.T,セブン銀行,銀行業,TOPIX Mid400
8411.T,みずほフィナンシャルグループ,銀行業,TOPIX Core30
8418.T,山口フィナンシャルグループ,銀行業,TOPIX Mid400
8424.T,芙蓉総合リース,その他金融業,TOPIX Mid400
8439.T,東京センチュリー,その他金融業,TOPIX Mid400
8473.T,ＳＢＩホールディングス,証券、商品先物取引業,TOPIX Mid400
8570.T,イオンフィナンシャルサービス,その他金融業,TOPIX Mid400
8572.T,アコム,その他金融業,TOPIX Mid400
8591.T,オリックス,その他金融業,TOPIX Large70
8593.T,三菱ＨＣキャピタル,その他金融業,TOPIX Mid400
8595.T,ジャフコ　グループ,証券、商品先物取引業,TOPIX Mid400
8601.T,大和証券グループ本社,証券、商品先物取引業,TOPIX Mid400
8604.T,野村ホールディングス,証券、商品先物取引業,TOPIX Large70
8630.T,ＳＯＭＰＯホールディングス,保険業,TOPIX Large70
8697.T,日本取引所グループ,その他金融業,TOPIX Large70
8725.T,ＭＳ＆ＡＤインシュアランスグループホールディングス,保険業,TOPIX Large70
8729.T,ソニーフィナンシャルグループ,保険業,TOPIX Core30
8750.T,第一生命ホールディングス,保険業,TOPIX Large70
8766.T,東京海上ホールディングス,保険業,TOPIX Core30
8795.T,Ｔ＆Ｄホールディングス,保険業,TOPIX Mid400
8801.T,三井不動産,不動産業,TOPIX Large70
8802.T,三菱地所,不動産業,TOPIX Large70
8804.T,東京建物,不動産業,TOPIX Mid400
8830.T,住友不動産,不動産業,TOPIX Large70
8876.T,リログループ,サービス業,TOPIX Mid400
9001.T,東武鉄道,陸運業,TOPIX Mid400
9003.T,相鉄ホールディングス,陸運業,TOPIX Mid400
9005.T,東急,陸運業,TOPIX Mid400
9006.T,京浜急行電鉄,陸運業,TOPIX Mid400
9007.T,小田急電鉄,陸運業,TOPIX Mid400
9008.T,京王電鉄,陸運業,TOPIX Mid400
9009.T,京成電鉄,陸運業,TOPIX Mid400
9020.T,東日本旅客鉄道,陸運業,TOPIX Large70
9021.T,西日本旅客鉄道,陸運業,TOPIX Large70
9022.T,東海旅客鉄道,陸運業,TOPIX Large70
9023.T,東京地下鉄,陸運業,TOPIX Mid400
9024.T,西武ホールディングス,陸運業,TOPIX Mid400
9031.T,西日本鉄道,陸運業,TOPIX Mid400
9041.T,近鉄グループホールディングス,陸運業,TOPIX Mid400
9042.T,阪急阪神ホールディングス,陸運業,TOPIX Mid400
9044.T,南海電気鉄道,陸運業,TOPIX Mid400
9045.T,京阪ホールディングス,陸運業,TOPIX Mid400
9048.T,名古屋鉄道,陸運業,TOPIX Mid400
9064.T,ヤマトホールディングス,陸運業,TOPIX Mid400
9065.T,山九,陸運業,TOPIX Mid400
9069.T,センコーグループホールディングス,陸運業,TOPIX Mid400
9072.T,ニッコンホールディングス,陸運業,TOPIX Mid400
9076.T,セイノーホールディングス,陸運業,TOPIX Mid400
9101.T,日本郵船,海運業,TOPIX Large70
9104.T,商船三井,海運業,TOPIX Large70
9107.T,川崎汽船,海運業,TOPIX Mid400
9142.T,九州旅客鉄道,陸運業,TOPIX Mid400
9143.T,ＳＧホールディングス,陸運業,TOPIX Mid400
9147.T,ＮＩＰＰＯＮ　ＥＸＰＲＥＳＳホールディングス,陸運業,TOPIX Mid400
9201.T,日本航空,空運業,TOPIX Mid400
9202.T,ＡＮＡホールディングス,空運業,TOPIX Large70
9301.T,三菱倉庫,倉庫・運輸関連業,TOPIX Mid400
9302.T,三井倉庫ホールディングス,倉庫・運輸関連業,TOPIX Mid400
9364.T,上組,倉庫・運輸関連業,TOPIX Mid400
9401.T,ＴＢＳホールディングス,情報・通信業,TOPIX Mid400
9404.T,日本テレビホールディングス,情報・通信業,TOPIX Mid400
9432.T,ＮＴＴ,情報・通信業,TOPIX Core30
9433.T,ＫＤＤＩ,情報・通信業,TOPIX Core30
9434.T,ソフトバンク,情報・通信業,TOPIX Core30
9435.T,光通信,情報・通信業,TOPIX Mid400
9449.T,ＧＭＯインターネットグループ,情報・通信業,TOPIX Mid400
9468.T,ＫＡＤＯＫＡＷＡ,情報・通信業,TOPIX Mid400
9501.T,東京電力ホールディングス,電気・ガス業,TOPIX Mid400
9502.T,中部電力,電気・ガス業,TOPIX Mid400
9503.T,関西電力,電気・ガス業,TOPIX Mid400
9504.T,中国電力,電気・ガス業,TOPIX Mid400
9505.T,北陸電力,電気・ガス業,TOPIX Mid400
9506.T,東北電力,電気・ガス業,TOPIX Mid400
9507.T,四国電力,電気・ガス業,TOPIX Mid400
9508.T,九州電力,電気・ガス業,TOPIX Mid400
9509.T,北海道電力,電気・ガス業,TOPIX Mid400
9513.T,電源開発,電気・ガス業,TOPIX Mid400
9531.T,東京瓦斯,電気・ガス業,TOPIX Mid400
9532.T,大阪瓦斯,電気・ガス業,TOPIX Mid400
9533.T,東邦瓦斯,電気・ガス業,TOPIX Mid400
9602.T,東宝,情報・通信業,TOPIX Mid400
9616.T,共立メンテナンス,サービス業,TOPIX Mid400
9627.T,アインホールディングス,小売業,TOPIX Mid400
9684.T,スクウェア・エニックス・ホールディングス,情報・通信業,TOPIX Mid400
9697.T,カプコン,情報・通信業,TOPIX Mid400
9706.T,日本空港ビルデング,不動産業,TOPIX Mid400
9735.T,セコム,サービス業,TOPIX Large70
9744.T,メイテックグループホールディングス,サービス業,TOPIX Mid400
9759.T,ＮＳＤ,情報・通信業,TOPIX Mid400
9766.T,コナミグループ,情報・通信業,TOPIX Mid400
9831.T,ヤマダホールディングス,小売業,TOPIX Mid400
9843.T,ニトリホールディングス,小売業,TOPIX Mid400
9861.T,吉野家ホールディングス,小売業,TOPIX Mid400
9934.T,因幡電機産業,卸売業,TOPIX Mid400
9962.T,ミスミグループ本社,卸売業,TOPIX Mid400
9983.T,ファーストリテイリング,小売業,TOPIX Core30
9984.T,ソフトバンクグループ,情報・通信業,TOPIX Core30
9987.T,スズケン,卸売業,TOPIX Mid400
9989.T,サンドラッグ,小売業,TOPIX Mid400
285A.T,キオクシアホールディングス,電気機器,TOPIX Mid400
417A.T,ブルーゾーンホールディングス,小売業,TOPIX Mid400
